<?xml version="1.0" encoding="UTF-8"?>
<project-private xmlns="http://www.netbeans.org/ns/project-private/1">
    <editor-bookmarks xmlns="http://www.netbeans.org/ns/editor-bookmarks/2" lastBookmarkId="0"/>
    <open-files xmlns="http://www.netbeans.org/ns/projectui-open-files/2">
        <group>
            <file>file:/C:/Users/zelen/Desktop/W2023/CPS688/lab5/Lab5final/input.txt</file>
            <file>file:/C:/Users/zelen/Desktop/W2023/CPS688/lab5/Lab5final/src/lab5final/RabinKarp.java</file>
            <file>file:/C:/Users/zelen/Desktop/W2023/CPS688/lab5/Lab5final/src/lab5final/BoyerMoore.java</file>
            <file>file:/C:/Users/zelen/Desktop/W2023/CPS688/lab5/Lab5final/src/lab5final/Lab5final.java</file>
        </group>
    </open-files>
</project-private>
